row_num,user_id,first_name,middle_name,last_name,email_address,district_num,district_letter,district_name,office_num,office_name,hire_date,team_id,team_name,team_type_id,team_type_description,team_transfer_date,job_family,department_name,created_at,updated_at
1,QAH276,Paul,S,Garcia,paul.garcia1@example.com,07,G,Southeast,0102,Modesto,2017-06-14,9279,team039,CYR,Receiving,2018-11-02,Cash Handler,Cash Operations,2025-06-20 12:10:03.123456,2025-06-20 12:10:03.123456
2,AFQ525,James,Z,Carter,james.carter2@example.com,03,C,Pacific NW,0702,Miami,2016-09-28,6514,team007,CYD,Destruction,2018-01-11,Operations Analyst,Operations Support,2025-06-20 12:10:03.123456,2025-06-20 12:10:03.123456
3,CCW687,Paul,M,Davis,paul.davis3@example.com,02,B,Southern CA,0902,Boston,2024-12-05,4150,team046,CYD,Destruction,2027-01-14,Shift Supervisor,Cash Operations,2025-06-20 12:10:03.123456,2025-06-20 12:10:03.123456
4,BRU988,Matthew,O,Moore,matthew.moore4@example.com,06,F,Great Lakes,0302,Seattle,2017-05-08,5374,team045,CYD,Destruction,2021-03-10,Operations Analyst,Operations Support,2025-06-20 12:10:03.123456,2025-06-20 12:10:03.123456
5,YQP171,Matthew,U,Moore,matthew.moore5@example.com,09,J,Northeast,0402,Phoenix,2017-07-27,6168,team026,CYD,Destruction,2017-10-30,Cash Handler,Cash Operations,2025-06-20 12:10:03.123456,2025-06-20 12:10:03.123456
6,GFY836,Betty,O,Adams,betty.adams6@example.com,03,C,Pacific NW,0501,Dallas,2023-05-10,9830,team017,CYP,Processing,2026-08-01,Cash Specialist,Cash Operations,2025-06-20 12:10:03.123456,2025-06-20 12:10:03.123456
7,TLP391,Ashley,Y,Garcia,ashley.garcia7@example.com,01,A,Northern CA,0202,San Diego,2023-11-19,7916,team039,CYP,Processing,2027-10-12,Cash Specialist,Cash Operations,2025-06-20 12:10:03.123456,2025-06-20 12:10:03.123456
8,BJZ598,James,X,Baker,james.baker8@example.com,02,B,Southern CA,0902,Boston,2016-04-01,8123,team011,CYD,Destruction,2017-12-23,Operations Analyst,Operations Support,2025-06-20 12:10:03.123456,2025-06-20 12:10:03.123456
9,LYW251,Michael,J,Green,michael.green9@example.com,09,J,Northeast,1002,Las Vegas,2019-03-12,9837,team050,CYP,Processing,2020-03-06,Cash Specialist,Cash Operations,2025-06-20 12:10:03.123456,2025-06-20 12:10:03.123456
10,XXP413,Karen,B,Thomas,karen.thomas10@example.com,04,D,Mountain West,1001,Albuquerque,2023-03-17,2133,team049,CYR,Receiving,2026-01-05,Cash Handler,Cash Operations,2025-06-20 12:10:03.123456,2025-06-20 12:10:03.123456
11,NDR915,Joshua,G,Ramirez,joshua.ramirez11@example.com,09,J,Northeast,0401,Denver,2022-07-14,7118,team029,CYD,Destruction,2026-04-04,Quality Inspector,Quality Assurance,2025-06-20 12:10:03.123456,2025-06-20 12:10:03.123456
12,XLG005,Emily,A,Anderson,emily.anderson12@example.com,02,B,Southern CA,0102,Modesto,2015-05-09,2160,team033,CYP,Processing,2017-04-14,Cash Handler,Cash Operations,2025-06-20 12:10:03.123456,2025-06-20 12:10:03.123456
13,GRF195,Donald,Z,Thomas,donald.thomas13@example.com,08,H,Mid-Atlantic,0702,Miami,2016-02-02,8062,team023,CYP,Processing,2019-11-12,Cash Handler,Cash Operations,2025-06-20 12:10:03.123456,2025-06-20 12:10:03.123456
14,LMS690,Betty,K,Campbell,betty.campbell14@example.com,02,B,Southern CA,0402,Phoenix,2021-01-05,3296,team028,CYP,Processing,2023-08-11,Cash Specialist,Cash Operations,2025-06-20 12:10:03.123456,2025-06-20 12:10:03.123456
15,EMW088,Michael,U,Brown,michael.brown15@example.com,09,J,Northeast,0101,Sacramento,2016-11-12,8956,team031,CYR,Receiving,2019-03-24,Cash Specialist,Cash Operations,2025-06-20 12:10:03.123456,2025-06-20 12:10:03.123456
16,FKB392,Sandra,N,Jackson,sandra.jackson16@example.com,09,J,Northeast,0802,Baltimore,2018-04-30,1958,team038,CYP,Processing,2019-08-18,Cash Specialist,Cash Operations,2025-06-20 12:10:03.123456,2025-06-20 12:10:03.123456
17,TBI049,Dorothy,B,Hernandez,dorothy.hernandez17@example.com,09,J,Northeast,0201,Los Angeles,2021-09-03,4853,team026,CYP,Processing,2022-02-19,Cash Handler,Cash Operations,2025-06-20 12:10:03.123456,2025-06-20 12:10:03.123456
18,DXG564,Emily,Q,Torres,emily.torres18@example.com,06,F,Great Lakes,0501,Dallas,2017-09-04,7484,team009,CYP,Processing,2019-03-31,Operations Analyst,Operations Support,2025-06-20 12:10:03.123456,2025-06-20 12:10:03.123456
19,RHI704,Andrew,C,Miller,andrew.miller19@example.com,09,J,Northeast,0401,Denver,2016-06-26,2127,team016,CYQ,Quality Control,2018-07-10,Operations Analyst,Operations Support,2025-06-20 12:10:03.123456,2025-06-20 12:10:03.123456
20,JEV769,Michelle,A,King,michelle.king20@example.com,09,J,Northeast,0502,Kansas City,2017-12-19,2753,team048,CYR,Receiving,2018-09-11,Cash Specialist,Cash Operations,2025-06-20 12:10:03.123456,2025-06-20 12:10:03.123456
21,OHP726,Thomas,P,Allen,thomas.allen21@example.com,05,E,Central Plains,0102,Modesto,2024-04-20,1722,team001,CYR,Receiving,2025-12-07,Quality Inspector,Quality Assurance,2025-06-20 12:10:03.123456,2025-06-20 12:10:03.123456
22,IDZ147,Kimberly,D,Smith,kimberly.smith22@example.com,02,B,Southern CA,0301,Portland,2024-05-11,3426,team028,CYQ,Quality Control,2026-07-06,Cash Handler,Cash Operations,2025-06-20 12:10:03.123456,2025-06-20 12:10:03.123456
23,DIX788,Susan,H,Baker,susan.baker23@example.com,02,B,Southern CA,0602,Detroit,2021-12-17,4878,team011,CYQ,Quality Control,2022-11-28,Quality Inspector,Quality Assurance,2025-06-20 12:10:03.123456,2025-06-20 12:10:03.123456
24,ZVW073,Anthony,X,Nelson,anthony.nelson24@example.com,04,D,Mountain West,0501,Dallas,2019-04-16,8711,team015,CYP,Processing,2019-08-03,Cash Handler,Cash Operations,2025-06-20 12:10:03.123456,2025-06-20 12:10:03.123456
25,FXJ882,Kevin,M,Gonzalez,kevin.gonzalez25@example.com,06,F,Great Lakes,0501,Dallas,2018-12-09,9346,team026,CYR,Receiving,2022-08-13,Operations Analyst,Operations Support,2025-06-20 12:10:03.123456,2025-06-20 12:10:03.123456
26,RVI082,Emily,B,Taylor,emily.taylor26@example.com,02,B,Southern CA,1002,Las Vegas,2023-03-04,8149,team039,CYS,Shipping,2025-01-04,Operations Analyst,Operations Support,2025-06-20 12:10:03.123456,2025-06-20 12:10:03.123456
27,ZDX104,Dorothy,V,Wright,dorothy.wright27@example.com,04,D,Mountain West,0602,Detroit,2022-06-13,6143,team043,CYS,Shipping,2024-05-19,Cash Handler,Cash Operations,2025-06-20 12:10:03.123456,2025-06-20 12:10:03.123456
28,WSH344,Christopher,E,Scott,christopher.scott28@example.com,04,D,Mountain West,0702,Miami,2021-11-26,5930,team026,CYS,Shipping,2025-03-05,Cash Specialist,Cash Operations,2025-06-20 12:10:03.123456,2025-06-20 12:10:03.123456
29,OAH456,Sandra,O,Lewis,sandra.lewis29@example.com,04,D,Mountain West,0901,New York,2022-05-22,5649,team033,CYS,Shipping,2022-12-11,Cash Specialist,Cash Operations,2025-06-20 12:10:03.123456,2025-06-20 12:10:03.123456
30,RQC923,Richard,A,Martinez,richard.martinez30@example.com,01,A,Northern CA,0402,Phoenix,2024-07-12,8461,team027,CYS,Shipping,2025-01-07,Shift Supervisor,Cash Operations,2025-06-20 12:10:03.123456,2025-06-20 12:10:03.123456
31,XOS331,Brian,Y,Smith,brian.smith31@example.com,02,B,Southern CA,0702,Miami,2024-01-07,9486,team030,CYP,Processing,2028-01-01,Cash Specialist,Cash Operations,2025-06-20 12:10:03.123456,2025-06-20 12:10:03.123456
32,BGW486,Kimberly,K,Hill,kimberly.hill32@example.com,08,H,Mid-Atlantic,1002,Las Vegas,2024-04-25,8305,team011,CYQ,Quality Control,2027-06-21,Quality Inspector,Quality Assurance,2025-06-20 12:10:03.123456,2025-06-20 12:10:03.123456
33,TMG267,Dorothy,U,Young,dorothy.young33@example.com,04,D,Mountain West,0501,Dallas,2023-01-01,4841,team018,CYS,Shipping,2024-09-07,Cash Handler,Cash Operations,2025-06-20 12:10:03.123456,2025-06-20 12:10:03.123456
34,IXC131,Susan,N,Jones,susan.jones34@example.com,07,G,Southeast,0601,Chicago,2019-08-31,4388,team027,CYQ,Quality Control,2020-02-04,Quality Inspector,Quality Assurance,2025-06-20 12:10:03.123456,2025-06-20 12:10:03.123456
35,KUY085,Donald,L,Smith,donald.smith35@example.com,05,E,Central Plains,0701,Atlanta,2023-05-20,4613,team032,CYS,Shipping,2026-07-11,Shift Supervisor,Cash Operations,2025-06-20 12:10:03.123456,2025-06-20 12:10:03.123456
36,FLA364,William,E,Robinson,william.robinson36@example.com,10,K,Southwest,0902,Boston,2021-08-21,1444,team006,CYR,Receiving,2024-11-18,Quality Inspector,Quality Assurance,2025-06-20 12:10:03.123456,2025-06-20 12:10:03.123456
37,QDM032,Charles,Y,Perez,charles.perez37@example.com,07,G,Southeast,0501,Dallas,2024-05-12,8705,team002,CYS,Shipping,2024-11-25,Operations Analyst,Operations Support,2025-06-20 12:10:03.123456,2025-06-20 12:10:03.123456
38,TBY209,Robert,A,Carter,robert.carter38@example.com,04,D,Mountain West,0401,Denver,2016-09-16,3068,team031,CYR,Receiving,2018-02-16,Shift Supervisor,Cash Operations,2025-06-20 12:10:03.123456,2025-06-20 12:10:03.123456
39,ROF671,Joshua,W,Mitchell,joshua.mitchell39@example.com,02,B,Southern CA,0302,Seattle,2021-06-28,6111,team037,CYD,Destruction,2021-09-18,Cash Handler,Cash Operations,2025-06-20 12:10:03.123456,2025-06-20 12:10:03.123456
40,RYK706,Kenneth,D,Thomas,kenneth.thomas40@example.com,05,E,Central Plains,1002,Las Vegas,2023-10-11,6688,team035,CYR,Receiving,2024-02-02,Shift Supervisor,Cash Operations,2025-06-20 12:10:03.123456,2025-06-20 12:10:03.123456
41,LJN388,Michael,L,Ramirez,michael.ramirez41@example.com,08,H,Mid-Atlantic,0301,Portland,2023-03-25,5425,team040,CYS,Shipping,2026-03-27,Cash Specialist,Cash Operations,2025-06-20 12:10:03.123456,2025-06-20 12:10:03.123456
42,VNM472,Jessica,I,Garcia,jessica.garcia42@example.com,08,H,Mid-Atlantic,0402,Phoenix,2021-11-04,7209,team022,CYS,Shipping,2025-09-02,Shift Supervisor,Cash Operations,2025-06-20 12:10:03.123456,2025-06-20 12:10:03.123456
43,AWE273,Joshua,I,Hall,joshua.hall43@example.com,09,J,Northeast,0101,Sacramento,2015-12-17,7658,team032,CYQ,Quality Control,2017-05-24,Cash Specialist,Cash Operations,2025-06-20 12:10:03.123456,2025-06-20 12:10:03.123456
44,OGM740,Christopher,M,Anderson,christopher.anderson44@example.com,04,D,Mountain West,0502,Kansas City,2020-04-22,9698,team023,CYQ,Quality Control,2023-06-29,Operations Analyst,Operations Support,2025-06-20 12:10:03.123456,2025-06-20 12:10:03.123456
45,LTI722,Linda,G,Campbell,linda.campbell45@example.com,06,F,Great Lakes,0202,San Diego,2017-02-23,8933,team018,CYQ,Quality Control,2018-06-11,Cash Specialist,Cash Operations,2025-06-20 12:10:03.123456,2025-06-20 12:10:03.123456
46,SZN211,Joseph,F,White,joseph.white46@example.com,05,E,Central Plains,0101,Sacramento,2018-01-28,1893,team036,CYQ,Quality Control,2018-05-31,Cash Specialist,Cash Operations,2025-06-20 12:10:03.123456,2025-06-20 12:10:03.123456
47,HYQ710,Christopher,P,Walker,christopher.walker47@example.com,08,H,Mid-Atlantic,0601,Chicago,2017-10-31,2869,team005,CYP,Processing,2020-08-04,Cash Handler,Cash Operations,2025-06-20 12:10:03.123456,2025-06-20 12:10:03.123456
48,KBQ015,Karen,H,Garcia,karen.garcia48@example.com,02,B,Southern CA,0902,Boston,2021-09-07,4697,team050,CYS,Shipping,2025-03-26,Shift Supervisor,Cash Operations,2025-06-20 12:10:03.123456,2025-06-20 12:10:03.123456
49,NLL893,Donna,T,Brown,donna.brown49@example.com,02,B,Southern CA,0401,Denver,2022-05-29,3573,team016,CYP,Processing,2022-12-11,Operations Analyst,Operations Support,2025-06-20 12:10:03.123456,2025-06-20 12:10:03.123456
50,EBA452,Joseph,W,Jackson,joseph.jackson50@example.com,05,E,Central Plains,0801,Philadelphia,2017-12-19,4241,team028,CYR,Receiving,2021-07-21,Cash Specialist,Cash Operations,2025-06-20 12:10:03.123456,2025-06-20 12:10:03.123456
51,CFD210,Karen,X,Hill,karen.hill51@example.com,10,K,Southwest,0502,Kansas City,2020-04-03,5982,team045,CYS,Shipping,2024-03-13,Cash Handler,Cash Operations,2025-06-20 12:10:03.123456,2025-06-20 12:10:03.123456
52,KHO458,Melissa,T,Lee,melissa.lee52@example.com,05,E,Central Plains,0101,Sacramento,2022-07-24,1339,team049,CYR,Receiving,2025-11-13,Cash Specialist,Cash Operations,2025-06-20 12:10:03.123456,2025-06-20 12:10:03.123456
53,RHB746,Sarah,S,Lopez,sarah.lopez53@example.com,07,G,Southeast,0802,Baltimore,2018-11-26,6460,team021,CYR,Receiving,2021-04-10,Quality Inspector,Quality Assurance,2025-06-20 12:10:03.123456,2025-06-20 12:10:03.123456
54,RWI629,Timothy,B,Scott,timothy.scott54@example.com,08,H,Mid-Atlantic,0201,Los Angeles,2018-08-17,7622,team033,CYD,Destruction,2019-05-11,Operations Analyst,Operations Support,2025-06-20 12:10:03.123456,2025-06-20 12:10:03.123456
55,VAW405,Donna,P,Carter,donna.carter55@example.com,08,H,Mid-Atlantic,0102,Modesto,2021-02-27,5719,team029,CYP,Processing,2021-12-22,Operations Analyst,Operations Support,2025-06-20 12:10:03.123456,2025-06-20 12:10:03.123456
56,WMA677,Karen,A,Scott,karen.scott56@example.com,09,J,Northeast,0702,Miami,2024-06-08,8560,team008,CYR,Receiving,2025-02-25,Cash Specialist,Cash Operations,2025-06-20 12:10:03.123456,2025-06-20 12:10:03.123456
57,QEY274,Donald,H,Walker,donald.walker57@example.com,08,H,Mid-Atlantic,0902,Boston,2017-02-19,9327,team048,CYP,Processing,2020-07-30,Quality Inspector,Quality Assurance,2025-06-20 12:10:03.123456,2025-06-20 12:10:03.123456
58,WWH749,Steven,A,Moore,steven.moore58@example.com,05,E,Central Plains,0502,Kansas City,2022-05-27,3434,team029,CYQ,Quality Control,2025-03-24,Shift Supervisor,Cash Operations,2025-06-20 12:10:03.123456,2025-06-20 12:10:03.123456
59,OIO543,Richard,H,Hall,richard.hall59@example.com,10,K,Southwest,0701,Atlanta,2015-06-28,8749,team046,CYP,Processing,2017-05-09,Quality Inspector,Quality Assurance,2025-06-20 12:10:03.123456,2025-06-20 12:10:03.123456
60,XJZ761,Robert,Q,Rodriguez,robert.rodriguez60@example.com,10,K,Southwest,0601,Chicago,2016-02-13,8486,team001,CYR,Receiving,2019-02-24,Quality Inspector,Quality Assurance,2025-06-20 12:10:03.123456,2025-06-20 12:10:03.123456
61,SKR149,Lisa,W,Flores,lisa.flores61@example.com,07,G,Southeast,0201,Los Angeles,2019-04-06,8994,team035,CYD,Destruction,2021-02-12,Shift Supervisor,Cash Operations,2025-06-20 12:10:03.123456,2025-06-20 12:10:03.123456
62,ABQ997,Margaret,Y,Miller,margaret.miller62@example.com,02,B,Southern CA,0801,Philadelphia,2015-04-29,6314,team004,CYP,Processing,2015-08-31,Operations Analyst,Operations Support,2025-06-20 12:10:03.123456,2025-06-20 12:10:03.123456
63,HJD557,William,C,Lopez,william.lopez63@example.com,10,K,Southwest,0701,Atlanta,2020-07-31,3344,team015,CYQ,Quality Control,2023-12-07,Cash Specialist,Cash Operations,2025-06-20 12:10:03.123456,2025-06-20 12:10:03.123456
64,LGG089,Carol,F,Wright,carol.wright64@example.com,02,B,Southern CA,0801,Philadelphia,2018-05-10,7951,team045,CYD,Destruction,2022-01-07,Shift Supervisor,Cash Operations,2025-06-20 12:10:03.123456,2025-06-20 12:10:03.123456
65,GVF342,Andrew,S,Thompson,andrew.thompson65@example.com,05,E,Central Plains,0502,Kansas City,2018-01-29,1803,team039,CYR,Receiving,2018-03-16,Quality Inspector,Quality Assurance,2025-06-20 12:10:03.123456,2025-06-20 12:10:03.123456
66,TVX728,Joseph,G,Green,joseph.green66@example.com,10,K,Southwest,0501,Dallas,2022-01-14,1645,team020,CYP,Processing,2025-09-28,Cash Handler,Cash Operations,2025-06-20 12:10:03.123456,2025-06-20 12:10:03.123456
67,UAJ193,Anthony,G,Lopez,anthony.lopez67@example.com,03,C,Pacific NW,0902,Boston,2020-08-17,3695,team017,CYD,Destruction,2022-03-28,Shift Supervisor,Cash Operations,2025-06-20 12:10:03.123456,2025-06-20 12:10:03.123456
68,XYZ288,Sandra,E,Jones,sandra.jones68@example.com,04,D,Mountain West,0701,Atlanta,2016-01-05,1228,team017,CYQ,Quality Control,2018-04-22,Operations Analyst,Operations Support,2025-06-20 12:10:03.123456,2025-06-20 12:10:03.123456
69,NLR658,Nancy,V,Miller,nancy.miller69@example.com,04,D,Mountain West,0802,Baltimore,2024-11-30,6374,team040,CYR,Receiving,2028-02-22,Shift Supervisor,Cash Operations,2025-06-20 12:10:03.123456,2025-06-20 12:10:03.123456
70,FBV934,David,B,Williams,david.williams70@example.com,05,E,Central Plains,0802,Baltimore,2017-08-19,3222,team025,CYR,Receiving,2020-09-22,Cash Handler,Cash Operations,2025-06-20 12:10:03.123456,2025-06-20 12:10:03.123456
71,LRT947,Elizabeth,U,Clark,elizabeth.clark71@example.com,02,B,Southern CA,0802,Baltimore,2018-02-19,7070,team014,CYQ,Quality Control,2018-05-27,Quality Inspector,Quality Assurance,2025-06-20 12:10:03.123456,2025-06-20 12:10:03.123456
72,LYW065,Michelle,B,Thompson,michelle.thompson72@example.com,07,G,Southeast,0501,Dallas,2024-07-05,2501,team043,CYP,Processing,2027-02-21,Cash Handler,Cash Operations,2025-06-20 12:10:03.123456,2025-06-20 12:10:03.123456
73,FQZ039,Andrew,C,Wilson,andrew.wilson73@example.com,09,J,Northeast,0401,Denver,2024-02-13,6383,team050,CYQ,Quality Control,2025-07-04,Cash Specialist,Cash Operations,2025-06-20 12:10:03.123456,2025-06-20 12:10:03.123456
74,DXA811,Thomas,D,Lopez,thomas.lopez74@example.com,01,A,Northern CA,0301,Portland,2023-11-10,6304,team002,CYR,Receiving,2025-04-10,Operations Analyst,Operations Support,2025-06-20 12:10:03.123456,2025-06-20 12:10:03.123456
75,EBT574,Deborah,Q,White,deborah.white75@example.com,10,K,Southwest,0202,San Diego,2017-06-26,1710,team047,CYS,Shipping,2021-01-05,Shift Supervisor,Cash Operations,2025-06-20 12:10:03.123456,2025-06-20 12:10:03.123456
76,UWN490,Donald,N,Sanchez,donald.sanchez76@example.com,02,B,Southern CA,0802,Baltimore,2015-11-27,3430,team005,CYS,Shipping,2017-10-16,Cash Handler,Cash Operations,2025-06-20 12:10:03.123456,2025-06-20 12:10:03.123456
77,DQP735,Christopher,Q,Robinson,christopher.robinson77@example.com,10,K,Southwest,0702,Miami,2024-07-25,4522,team028,CYR,Receiving,2028-04-25,Cash Handler,Cash Operations,2025-06-20 12:10:03.123456,2025-06-20 12:10:03.123456
78,LFI440,Margaret,V,Lee,margaret.lee78@example.com,05,E,Central Plains,0602,Detroit,2015-10-02,2398,team006,CYP,Processing,2016-05-05,Quality Inspector,Quality Assurance,2025-06-20 12:10:03.123456,2025-06-20 12:10:03.123456
79,LTJ109,Kimberly,V,Perez,kimberly.perez79@example.com,02,B,Southern CA,0702,Miami,2024-09-25,5712,team039,CYD,Destruction,2025-02-07,Quality Inspector,Quality Assurance,2025-06-20 12:10:03.123456,2025-06-20 12:10:03.123456
80,ICN148,Daniel,L,Scott,daniel.scott80@example.com,02,B,Southern CA,0501,Dallas,2024-01-20,1430,team039,CYQ,Quality Control,2026-07-16,Cash Specialist,Cash Operations,2025-06-20 12:10:03.123456,2025-06-20 12:10:03.123456
81,YVG173,Lisa,A,Thompson,lisa.thompson81@example.com,03,C,Pacific NW,0301,Portland,2015-10-13,1502,team006,CYQ,Quality Control,2016-08-28,Quality Inspector,Quality Assurance,2025-06-20 12:10:03.123456,2025-06-20 12:10:03.123456
82,TFK337,Deborah,T,Torres,deborah.torres82@example.com,02,B,Southern CA,0102,Modesto,2023-06-18,1815,team044,CYP,Processing,2027-01-03,Cash Specialist,Cash Operations,2025-06-20 12:10:03.123456,2025-06-20 12:10:03.123456
83,CLL642,Steven,L,Davis,steven.davis83@example.com,07,G,Southeast,0202,San Diego,2020-06-16,6053,team003,CYD,Destruction,2023-06-30,Shift Supervisor,Cash Operations,2025-06-20 12:10:03.123456,2025-06-20 12:10:03.123456
84,FZB297,Timothy,J,Taylor,timothy.taylor84@example.com,06,F,Great Lakes,0202,San Diego,2023-05-18,3878,team009,CYR,Receiving,2025-11-14,Quality Inspector,Quality Assurance,2025-06-20 12:10:03.123456,2025-06-20 12:10:03.123456
85,JSN880,Melissa,N,Williams,melissa.williams85@example.com,01,A,Northern CA,0801,Philadelphia,2021-06-16,7626,team046,CYR,Receiving,2023-12-12,Operations Analyst,Operations Support,2025-06-20 12:10:03.123456,2025-06-20 12:10:03.123456
86,QHK919,Sandra,L,Hall,sandra.hall86@example.com,02,B,Southern CA,0702,Miami,2019-11-20,7560,team034,CYR,Receiving,2023-04-09,Cash Specialist,Cash Operations,2025-06-20 12:10:03.123456,2025-06-20 12:10:03.123456
87,CWT270,Kenneth,Q,Davis,kenneth.davis87@example.com,09,J,Northeast,0401,Denver,2023-02-27,3419,team016,CYD,Destruction,2026-11-09,Operations Analyst,Operations Support,2025-06-20 12:10:03.123456,2025-06-20 12:10:03.123456
88,CGE170,Deborah,P,Green,deborah.green88@example.com,08,H,Mid-Atlantic,1001,Albuquerque,2022-08-21,6295,team041,CYQ,Quality Control,2025-11-19,Quality Inspector,Quality Assurance,2025-06-20 12:10:03.123456,2025-06-20 12:10:03.123456
89,ILM675,Daniel,C,Allen,daniel.allen89@example.com,05,E,Central Plains,0801,Philadelphia,2015-08-22,5703,team005,CYS,Shipping,2017-10-15,Cash Handler,Cash Operations,2025-06-20 12:10:03.123456,2025-06-20 12:10:03.123456
90,QZC535,Melissa,O,Williams,melissa.williams90@example.com,10,K,Southwest,0401,Denver,2020-05-02,3471,team004,CYD,Destruction,2023-03-24,Shift Supervisor,Cash Operations,2025-06-20 12:10:03.123456,2025-06-20 12:10:03.123456
91,LVV906,Robert,W,Thomas,robert.thomas91@example.com,08,H,Mid-Atlantic,0801,Philadelphia,2021-11-02,6962,team024,CYQ,Quality Control,2022-10-23,Shift Supervisor,Cash Operations,2025-06-20 12:10:03.123456,2025-06-20 12:10:03.123456
92,XKU606,Lisa,K,Jones,lisa.jones92@example.com,02,B,Southern CA,0902,Boston,2017-10-29,3463,team022,CYS,Shipping,2021-08-03,Operations Analyst,Operations Support,2025-06-20 12:10:03.123456,2025-06-20 12:10:03.123456
93,CRX366,David,W,Hill,david.hill93@example.com,02,B,Southern CA,0502,Kansas City,2022-03-20,3093,team043,CYQ,Quality Control,2024-02-20,Quality Inspector,Quality Assurance,2025-06-20 12:10:03.123456,2025-06-20 12:10:03.123456
94,SYZ906,Steven,A,White,steven.white94@example.com,06,F,Great Lakes,0502,Kansas City,2018-10-31,4145,team015,CYP,Processing,2021-08-21,Cash Specialist,Cash Operations,2025-06-20 12:10:03.123456,2025-06-20 12:10:03.123456
95,ZEH755,Melissa,B,King,melissa.king95@example.com,06,F,Great Lakes,1002,Las Vegas,2019-03-24,3658,team012,CYP,Processing,2020-03-03,Shift Supervisor,Cash Operations,2025-06-20 12:10:03.123456,2025-06-20 12:10:03.123456
96,VUV144,Carol,H,Campbell,carol.campbell96@example.com,08,H,Mid-Atlantic,1002,Las Vegas,2017-08-16,4918,team020,CYD,Destruction,2020-09-12,Quality Inspector,Quality Assurance,2025-06-20 12:10:03.123456,2025-06-20 12:10:03.123456
97,ZUX165,Mark,Y,Robinson,mark.robinson97@example.com,05,E,Central Plains,0701,Atlanta,2019-09-11,4271,team039,CYQ,Quality Control,2020-09-06,Shift Supervisor,Cash Operations,2025-06-20 12:10:03.123456,2025-06-20 12:10:03.123456
98,DGQ851,Dorothy,J,Davis,dorothy.davis98@example.com,02,B,Southern CA,0302,Seattle,2020-10-03,8167,team006,CYD,Destruction,2021-08-30,Quality Inspector,Quality Assurance,2025-06-20 12:10:03.123456,2025-06-20 12:10:03.123456
99,YFL300,Steven,H,White,steven.white99@example.com,07,G,Southeast,0201,Los Angeles,2015-04-26,2623,team046,CYD,Destruction,2017-03-08,Cash Specialist,Cash Operations,2025-06-20 12:10:03.123456,2025-06-20 12:10:03.123456
100,QUD286,David,W,Carter,david.carter100@example.com,08,H,Mid-Atlantic,0801,Philadelphia,2015-11-21,5193,team014,CYQ,Quality Control,2016-01-28,Cash Handler,Cash Operations,2025-06-20 12:10:03.123456,2025-06-20 12:10:03.123456
